model,Model_label,Checkpoint,Head_or_task,Precision_or_execution,Runtime,Fingerprint_kind,SHA256,State_settings,Prediction_input
mace_mh1_omol,MACE-MH-1 OMol,mace-mh-1.model,omol,float64,"{""ase"": ""3.28.0"", ""mace-torch"": ""0.3.16"", ""numpy"": ""2.3.5"", ""torch"": ""2.8.0""}",checkpoint SHA256,ec00a2705854622fbbd898ccfb7701072fcd674709102d009fb919c1b8cc5dde,{},
mace_mh1_omat,MACE-MH-1 OMat,mace-mh-1.model,omat_pbe,float64,"{""ase"": ""3.28.0"", ""mace-torch"": ""0.3.16"", ""numpy"": ""2.3.5"", ""torch"": ""2.8.0""}",checkpoint SHA256,ec00a2705854622fbbd898ccfb7701072fcd674709102d009fb919c1b8cc5dde,{},
mace_mh1_spice,MACE-MH-1 SPICE,mace-mh-1.model,spice_wB97M,float64,"{""ase"": ""3.28.0"", ""mace-torch"": ""0.3.16"", ""numpy"": ""2.3.5"", ""torch"": ""2.8.0""}",checkpoint SHA256,ec00a2705854622fbbd898ccfb7701072fcd674709102d009fb919c1b8cc5dde,{},
mace_polar_1_s,MACE-POLAR-1-S,MACEPOLAR1Smodel,,float64,"{""ase"": ""3.28.0"", ""mace-torch"": ""0.3.16"", ""numpy"": ""2.3.5"", ""torch"": ""2.8.0""}",checkpoint SHA256,e4495612037b3b3312633182882a38a694ecac9ea0be2b9889ac0b2a84a99510,{},
mace_polar_1_m,MACE-POLAR-1-M,MACEPOLAR1Mmodel,,float64,"{""ase"": ""3.28.0"", ""mace-torch"": ""0.3.16"", ""numpy"": ""2.3.5"", ""torch"": ""2.8.0""}",checkpoint SHA256,fab8b8713c832f31a2a853aaa22fd638be8a369cbf5095e6b3e982a18d10e93a,{},
mace_polar_1_l,MACE-POLAR-1-L,MACEPOLAR1Lmodel,,float64,"{""ase"": ""3.28.0"", ""mace-torch"": ""0.3.16"", ""numpy"": ""2.3.5"", ""torch"": ""2.8.0""}",checkpoint SHA256,9f65f8dc6ddaff1d631e299cb531376a7da5e68d1bef04f34a2d5073d5ef114b,{},
orbmol_v2,OrbMol-v2,orbmol-v2-teqabfhg-20260523.ckpt,,float32-high,"{""ase"": ""3.28.0"", ""numpy"": ""2.3.5"", ""orb-models"": ""0.7.0"", ""torch"": ""2.8.0""}",checkpoint SHA256,3dbef70b5fdc9124392181b0d8686c79f1c02bf5fefcb878a4eaa51d03e4f5e8,"{""charge"": 0, ""compile"": false, ""spin"": 1, ""spin_semantics"": ""spin_multiplicity""}",
uma_s_omol,UMA-S OMol,uma-s-1p2,omol,fast_precise,"{""ase"": ""3.28.0"", ""fairchem-core"": ""2.17.0"", ""numpy"": ""2.3.5"", ""torch"": ""2.8.0""}",checkpoint SHA256,ba5c0d912efa22dc238e5fb1b5b7f66ee2e68c48c1b95b7cfd7fe1da5938398b,"{""charge"": 0, ""compile"": false, ""spin"": 1, ""spin_semantics"": ""spin_multiplicity"", ""tf32"": false}",
uma_m_omol,UMA-M OMol,uma-m-1p1,omol,fast_precise,"{""ase"": ""3.28.0"", ""fairchem-core"": ""2.17.0"", ""numpy"": ""2.3.5"", ""torch"": ""2.8.0""}",checkpoint SHA256,c30034edbf2e127f703f814cacb632661767da99b3e71c5b2ee5290510a52d68,"{""charge"": 0, ""compile"": false, ""spin"": 1, ""spin_semantics"": ""spin_multiplicity"", ""tf32"": false}",
uma_s_omc,UMA-S OMC,uma-s-1p2,omc,fast_precise,"{""ase"": ""3.28.0"", ""fairchem-core"": ""2.17.0"", ""numpy"": ""2.3.5"", ""torch"": ""2.8.0""}",checkpoint SHA256,ba5c0d912efa22dc238e5fb1b5b7f66ee2e68c48c1b95b7cfd7fe1da5938398b,"{""charge"": 0, ""compile"": false, ""spin"": 0, ""spin_semantics"": ""omc_closed_shell_feature"", ""tf32"": false}",
uma_m_omc,UMA-M OMC,uma-m-1p1,omc,fast_precise,"{""ase"": ""3.28.0"", ""fairchem-core"": ""2.17.0"", ""numpy"": ""2.3.5"", ""torch"": ""2.8.0""}",checkpoint SHA256,c30034edbf2e127f703f814cacb632661767da99b3e71c5b2ee5290510a52d68,"{""charge"": 0, ""compile"": false, ""spin"": 0, ""spin_semantics"": ""omc_closed_shell_feature"", ""tf32"": false}",
aimnet2_wb97m_d3,AIMNet2,aimnet2_wb97m_d3_0.pt,,float32 inputs,"{""aimnet"": ""0.2.0"", ""torch"": ""2.8.0+cu128""}",checkpoint SHA256,f0f7c054539ad3261bd36f9b11c56d12f87cb723e25bea7521755bbd3ec24e28,"{""charge"": 0, ""compile_model"": false, ""ensemble_member"": 0, ""spin_multiplicity"": 1}",
nep89_20250409,NEP89,nep89_20250409.txt,,GPUMD NEP native single-precision core; retained six-significant-digit text output,"{""GPUMD"": ""v5.0"", ""git"": ""05982941c85b257fdf5a5c69fb7922ce7d7a5c80""}",checkpoint SHA256,75168ece02e840e4a32644f982b78d43cba697f5b64b4c8134ab66c7a8c28be1,{},"type 89 H He Li Be B C N O F Ne Na Mg Al Si P S Cl Ar K Ca Sc Ti V Cr Mn Fe Co Ni Cu Zn Ga Ge As Se Br Kr Rb Sr Y Zr Nb Mo Tc Ru Rh Pd Ag Cd In Sn Sb Te I Xe Cs Ba La Ce Pr Nd Pm Sm Eu Gd Tb Dy Ho Er Tm Yb Lu Hf Ta W Re Os Ir Pt Au Hg Tl Pb Bi Ac Th Pa U Np Pu
prediction 1
version 4
zbl 2
cutoff 6 5
n_max 4 4
basis_size 8 8
l_max 4 2 1
neuron 80
"
sevennet_omni_i12_omol25_low,SevenNet-i12 OMol25-low,checkpoint_sevennet_omni_i12.pth,omol25_low,float32,"{""e3nn"": ""0.6.0"", ""flashTP-e3nn"": ""0.1.0"", ""sevenn"": ""0.13.0"", ""torch"": ""2.8.0"", ""torch-geometric"": ""2.8.0.post1""}",checkpoint SHA256,771543388f360d2762e09f62de685bfb85e9f637a06575f2545f03974d6f0522,{},
sevennet_omni_i12_spice,SevenNet-i12 SPICE,checkpoint_sevennet_omni_i12.pth,spice,float32,"{""e3nn"": ""0.6.0"", ""flashTP-e3nn"": ""0.1.0"", ""sevenn"": ""0.13.0"", ""torch"": ""2.8.0"", ""torch-geometric"": ""2.8.0.post1""}",checkpoint SHA256,771543388f360d2762e09f62de685bfb85e9f637a06575f2545f03974d6f0522,{},
ani1xnr,ANI-1xnr,ani-1xnr.info + eight-member bundle,,float64; Python AEV; 8-member ensemble,"{""ase"": ""3.28.0"", ""numpy"": ""2.3.5"", ""torch"": ""2.8.0"", ""torchani"": ""2.8.2""}",model-info SHA256; full bundle hashes in ANI timing provenance,128933ab44fda75709b945fd731499c9b3f2266661f26eab6e371b0bc1693657,"{""charge"": 0, ""ensemble_members"": 8, ""spin_multiplicity"": 1, ""state_metadata_consumed"": false}",
aimnet2_rxn,AIMNet2-RXN,aimnet2_rxn_0.pt,,float32 inputs,"{""aimnet"": ""0.2.0"", ""torch"": ""2.8.0+cu128""}",checkpoint SHA256,ce8bc2a4cc6fcb5ebaa1bc8897fcd75104e5a00fe86e9d5fc6a020d572174894,"{""charge"": 0, ""compile_model"": false, ""ensemble_member"": 0, ""spin_multiplicity"": 1}",
