cohort,model,metric,n_configurations,n_reactions,mean,q05,q25,median,q75,q95,minimum,maximum
full,mace_mh1_omol,force,909077,9017,0.1291950408291332,0.0332700423421865,0.061877495211593,0.1032275602495121,0.1664537209170921,0.3095425045484875,0.0084390798649078,2.180501705404568
full,mace_mh1_omol,energy,865669,8493,4.806957401910913,0.1449601395076818,0.9729776526607262,2.7162916096131084,6.451364899310812,15.852763571589485,0.0,141.58684106951114
full,mace_mh1_omat,force,909077,9017,0.5086611096550944,0.2426062040315739,0.3513078865501743,0.4610508305191,0.6033186320138649,0.9207316012192271,0.1257253606233769,4.131138684155001
full,mace_mh1_omat,energy,865669,8493,21.00479468868149,1.4157275521076946,8.261737336515976,16.853165083289024,28.703540859039222,54.732350265101275,0.0,267.52796941855195
full,mace_mh1_spice,force,909077,9017,0.1453880102188743,0.0572096806062786,0.080914193854715,0.1176174190482097,0.1780651018854448,0.3236806019227469,0.0232279157147803,2.210352817762515
full,mace_mh1_spice,energy,865669,8493,5.546487061443175,0.2239171469704593,1.4113927432585374,3.4492868792637768,7.482944768774112,17.345223316871323,0.0,151.85508748011975
full,mace_polar_1_s,force,909077,9017,0.1977427379823599,0.050714251169923,0.0948833462300997,0.1541250635388731,0.2422201260278167,0.443894216665365,0.0040987084218283,17.89839765283214
full,mace_polar_1_s,energy,865669,8493,5.8607337892755105,0.2102938799494454,1.3593077289572515,3.4537959903613418,7.504170561847075,19.041638952303323,0.0,179.1455076127022
full,mace_polar_1_m,force,909077,9017,0.1017739441013634,0.0177830183469934,0.0313902733806832,0.0524185188034059,0.0868749614779697,0.1883682244174901,0.002874016574857,68.92858236079388
full,mace_polar_1_m,energy,865669,8493,2.4312001372251797,0.0735475772233729,0.4692616737222785,1.1912673041439594,2.6902191910064883,7.700560233705149,0.0,281.6010469778121
full,mace_polar_1_l,force,909077,9017,0.0571323674177093,0.0135752524207923,0.0225634243954412,0.0354535084169888,0.0572618108647126,0.1408839687495456,0.0028479250852833,11.606306767035935
full,mace_polar_1_l,energy,865669,8493,1.6792317431585757,0.0562275522985912,0.3559873555125457,0.8646467908874911,1.8007100688440627,4.665605567384368,0.0,176.025072217332
full,orbmol_v2,force,909077,9017,0.0533116700465688,0.013279114810046,0.0223572616546328,0.0361653400473922,0.0595210924680938,0.1238547860953335,0.0029526612330168,6.777652203293015
full,orbmol_v2,energy,865669,8493,1.6622699054813797,0.0525082720876367,0.3335331143984256,0.8357789769873087,1.79477145800113,4.608320537408871,0.0,189.32314283423088
full,uma_s_omol,force,909077,9017,0.0392600562999918,0.0107077879046973,0.0170309697859348,0.0255606654659271,0.0402310833424839,0.0844826814093843,0.0019242240124785,2.99993353793121
full,uma_s_omol,energy,865669,8493,1.3233697996252098,0.0425879325025322,0.2694290492050081,0.6462135064793983,1.3137233817133165,3.1832612726920275,0.0,193.93699930878935
full,uma_m_omol,force,909077,9017,0.0302731724151891,0.0088509333382265,0.0133523100575048,0.0183032837219323,0.0257790842731843,0.0513536030702402,0.0018348970330684,6.7851022920793564
full,uma_m_omol,energy,865669,8493,1.1455308582162644,0.0355900821367478,0.2225906273451983,0.5267679021926597,1.0452770624801309,2.4003077806762456,0.0,193.22238928846977
full,uma_s_omc,force,909077,9017,0.8665214712540726,0.3479594137956391,0.5088181630157395,0.6806958125879403,0.9660537373537468,2.0341715282863664,0.1417367454027489,11.83789991099752
full,uma_s_omc,energy,865669,8493,32.06714777240629,2.0647578800916175,12.27637758893252,25.580364259642213,44.44155833870785,83.86418783464337,0.0,374.5959131720156
full,uma_m_omc,force,909077,9017,0.5448074609560766,0.2977619729443064,0.3967869544042332,0.4943067292979172,0.6253330856522457,0.9736223789714792,0.1134933365352443,4.167436072355164
full,uma_m_omc,energy,865669,8493,26.430035271100408,2.4820300919018337,13.038976921140396,23.73286372370785,36.29255632275839,59.38530105839105,0.0,243.90303272375604
full,aimnet2_wb97m_d3,force,909077,9017,0.2458191718458934,0.1110801606466136,0.1600505185588975,0.2139577942177279,0.2909849149484307,0.4742770499446975,0.0293331520169341,11.861402316131104
full,aimnet2_wb97m_d3,energy,865669,8493,6.520341802616974,0.3009640910715374,1.855309141392354,4.289909090320262,8.544739501303411,20.273811796182382,0.0,204.0068675261864
full,nep89_20250409,force,909077,9017,0.7553404431451735,0.4093862190505227,0.5707374427625053,0.7101514452437572,0.8793458763793303,1.2468027847718917,0.12555701520551757,9.292367149102105
full,nep89_20250409,energy,865669,8493,35.18494494898914,1.689965323451113,10.72601415002924,25.8905377250769,50.68440067693051,98.01000349704539,0.0,573.6244505145199
full,sevennet_omni_i12_omol25_low,force,909077,9017,0.0797935587262827,0.0216580596682475,0.0383574317364901,0.0623102260174657,0.0982001898131606,0.1887501944726234,0.0046528451760319,2.177932771641925
full,sevennet_omni_i12_omol25_low,energy,865669,8493,2.8381969437528967,0.0920905790423067,0.590554181274326,1.484973270817136,3.355148849853625,9.271013673504862,0.0,152.97941160230644
full,sevennet_omni_i12_spice,force,909077,9017,0.0989658563307585,0.0485179014110719,0.0624669334561827,0.0807763041102124,0.112807156492089,0.2011986009857241,0.0256178092888374,2.1973269579551653
full,sevennet_omni_i12_spice,energy,865669,8493,4.2843427212300345,0.1894701446439112,1.1829579540062696,2.8938871523678245,5.795733610890845,12.046073128580137,0.0,162.950671610209
chno,mace_mh1_omol,force,399750,3995,0.1246022270515806,0.0329374641224222,0.0590560343227715,0.0978902350025119,0.1594562479352258,0.3054243791142835,0.0084390798649078,1.9085733145102388
chno,mace_mh1_omol,energy,376776,3713,4.360783559120881,0.1350205258969447,0.8882922719619404,2.434671752161492,5.773239974518957,14.61337298343507,0.0,124.70638949568692
chno,mace_mh1_omat,force,399750,3995,0.5189189880093202,0.2515557918631634,0.3644391866629188,0.4750470498982416,0.6154300005715317,0.9220247193506166,0.1383003971758312,4.131138684155001
chno,mace_mh1_omat,energy,376776,3713,19.441912695725534,1.326705226127909,7.7568802470109635,15.829980077160144,26.690975883101014,49.821929830683914,0.0,213.73426397998887
chno,mace_mh1_spice,force,399750,3995,0.1417318209422658,0.0577772409389865,0.0797729669296481,0.1136418086633107,0.1715453527010675,0.3188485558921551,0.028649528843465,1.956864468592562
chno,mace_mh1_spice,energy,376776,3713,5.213172433066651,0.2166658339526541,1.3579823201576222,3.2782900119890166,7.01915446626798,16.38778269980321,0.0,133.5880101963566
chno,mace_polar_1_s,force,399750,3995,0.198544840507044,0.0511647504476603,0.0929582951520952,0.1513043742933127,0.2418883983277019,0.4548701599365568,0.0075670657359205,12.183948450336668
chno,mace_polar_1_s,energy,376776,3713,5.4186572158470625,0.1986107623224597,1.2829105852288745,3.2043574489648563,6.908817672137957,17.450869579454817,0.0,129.10212538931123
chno,mace_polar_1_m,force,399750,3995,0.1017052340946946,0.0177096044554479,0.0304329811921516,0.0504570295775906,0.0828952314925999,0.1835994909568901,0.0037868603148875,68.92858236079388
chno,mace_polar_1_m,energy,376776,3713,2.1910275132363384,0.0684018555974325,0.4357905652088649,1.0886424590353272,2.4356094008801885,6.825578292402686,0.0,181.50867196718104
chno,mace_polar_1_l,force,399750,3995,0.0546251919975638,0.0134222882400324,0.0216485442339817,0.0335959594134058,0.0532295944594549,0.1302948126760056,0.0038256696635403,9.824858417147068
chno,mace_polar_1_l,energy,376776,3713,1.4771568500965089,0.0510263617784265,0.3204673347354133,0.7648484852209512,1.5721821192113672,3.917326974076768,0.0,176.025072217332
chno,orbmol_v2,force,399750,3995,0.051753071791153,0.0132270719049342,0.02170124689458,0.0350059196506875,0.0571337471699495,0.1195687423705173,0.0030345889756211,3.31181900101593
chno,orbmol_v2,energy,376776,3713,1.5407407993301074,0.0508545615544294,0.3167576827403441,0.7849840792268481,1.6634128917435649,4.197238207325427,0.0,180.91539335279472
chno,uma_s_omol,force,399750,3995,0.0374415944311313,0.0106049490475771,0.0163439795386006,0.0241979513435085,0.037533177079871,0.0798318032458056,0.0019242240124785,2.828663446383888
chno,uma_s_omol,energy,376776,3713,1.1894362264536074,0.0396795122428143,0.2507535152365866,0.5933362003466195,1.1919415252276375,2.8341401357885423,0.0,180.33520968783705
chno,uma_m_omol,force,399750,3995,0.0290544727034321,0.0088503941741746,0.0130303992764649,0.0177059542285639,0.0247555085601584,0.0487835605746279,0.0018348970330684,2.562596382586977
chno,uma_m_omol,energy,376776,3713,1.055839598215936,0.0347206124776194,0.2166237944338998,0.5082058996138809,1.0006010934375809,2.20914016098277,0.0,179.05165942538588
chno,uma_s_omc,force,399750,3995,0.8897972078873956,0.3616486945811488,0.5263702391813111,0.7002177670318992,0.9887195234849824,2.089111738883558,0.1510155025250347,11.83789991099752
chno,uma_s_omc,energy,376776,3713,30.36875657255476,2.003054148106629,11.929297443634194,24.475526725523988,41.805393811240975,78.50094706140833,0.0,349.93878651243904
chno,uma_m_omc,force,399750,3995,0.5578426273526677,0.311043223604116,0.4134632662951428,0.5115313166165156,0.638545110347247,0.9723910863562798,0.1494829350672823,3.934499212935016
chno,uma_m_omc,energy,376776,3713,25.761830381748847,2.4090096478032232,12.811692663149188,23.31383069963522,35.38101471989715,57.4052777821624,0.0,231.74885606346965
chno,aimnet2_wb97m_d3,force,399750,3995,0.250248502373479,0.1134413488080465,0.162141647793984,0.2165816116344299,0.2961593583194845,0.4873158346677714,0.0370967807504212,8.639531197125793
chno,aimnet2_wb97m_d3,energy,376776,3713,6.391804699181341,0.2924520206739717,1.815145722677841,4.193307259394411,8.326840432887158,19.938190205227116,0.0,147.8964127785399
chno,nep89_20250409,force,399750,3995,0.7499222402448811,0.4088133142517603,0.5691226261553474,0.7082995355543159,0.8737109576690634,1.2328307176166353,0.12555701520551757,4.753850219040232
chno,nep89_20250409,energy,376776,3713,31.912618689832257,1.5887426325896354,9.93198411025385,23.547370159571514,45.580889583975065,89.29499488085071,0.0,386.67350153479094
chno,sevennet_omni_i12_omol25_low,force,399750,3995,0.0764055274848982,0.0213824844433003,0.0372347365565804,0.0599536202521227,0.0934265488639709,0.1761986835214891,0.0059583463362945,1.901166363608046
chno,sevennet_omni_i12_omol25_low,energy,376776,3713,2.471609808909651,0.0826277720000729,0.5330845419495808,1.3296037785559227,2.9541118300956346,8.003288867804223,0.0,152.97941160230644
chno,sevennet_omni_i12_spice,force,399750,3995,0.0954716060987443,0.0485338406174961,0.0618281432328031,0.0788783110913429,0.1075768091222674,0.1867828870289142,0.0276587615012587,1.8651670575376331
chno,sevennet_omni_i12_spice,energy,376776,3713,3.9696498519984234,0.1803527597985521,1.1137047243200078,2.7179887872495003,5.488133436363247,11.09634646830197,0.0,146.85961993563978
chno,ani1xnr,force,399750,3995,0.7637181347275204,0.4634478347043949,0.5997672588350975,0.7220896666242957,0.8752443494218585,1.183911211845318,0.1782977055373078,9.153824484723089
chno,ani1xnr,energy,376776,3713,38.05003650607169,2.37474104876709,14.149858418758472,30.32518242883009,53.979306756589565,99.6058167736228,0.0,385.99782810059776
chno,aimnet2_rxn,force,399750,3995,0.6450592043097999,0.1133023161290052,0.1839093711619039,0.2703684567750948,0.49566740037666,2.8024446401778453,0.0352850445199479,16.177996866391585
chno,aimnet2_rxn,energy,376776,3713,8.92232432290608,0.3116628717367241,1.920062804304377,4.476957152975148,9.283813775166523,32.238198526665016,0.0,441.8091633826407
