reaction_id,mace_mh1_omol,mace_mh1_omat,mace_mh1_spice,mace_polar_1_s,mace_polar_1_m,mace_polar_1_l,orbmol_v2,uma_s_omol,uma_m_omol,uma_s_omc,uma_m_omc,aimnet2_wb97m_d3,nep89_20250409,sevennet_omni_i12_omol25_low,sevennet_omni_i12_spice,ani1xnr,aimnet2_rxn
ts_263_1_NO2-A-9-b,-14.495474189773228,-22.102412699767008,-11.518998887811083,-18.715217068054599,-25.131993246048999,-31.336944791006268,-33.97670588351501,-33.937680632006838,-34.153193707326267,-25.980180038244857,-30.44240800725483,4.10047403700427,-32.969794170981302,-28.236112279302411,-25.826465191532655,-3.45914282391794,-13.830530294746039
ts_20_1_NO2-A-3-c,-14.794139568178217,-34.295768238480797,-16.363668489145862,-32.057296220176752,-27.949291943496739,-28.670887590391914,-28.565545909054162,-28.669541771589678,-29.273514993437487,-35.98117940119009,-34.089900693625104,6.5313775114842665,-61.40849430132743,-26.848335877559727,-26.758255612596368,-54.254037507543636,0.43812277509741804
ts_83_1_NO2-A-4-c,-15.241766276845473,-34.797960654524069,-16.701917014654093,-25.061988085720024,-23.889760215914077,-25.873880013166893,-28.154688156293552,-27.907979071244988,-29.256873859215553,-35.749261608443632,-34.130978225271413,9.2072242230045145,-60.718555399638333,-26.302258762219235,-25.941937702365813,-53.913767265619349,2.3368520990410975
ts_39_1_NO2-A-4-c,-15.306826735263398,-34.582049413767415,-16.759261552835554,-26.050271118015491,-22.855112356370118,-25.286843858432178,-27.819910374947487,-27.406725438896398,-29.199220447694493,-34.698102706252207,-34.431804022483007,10.069311969909435,-61.02984275980441,-25.675385385370959,-25.179943928072504,-52.784412863092875,1.884130990952865
ts_60_1_NO2-A-4-c,-15.314737121375735,-34.677346019235344,-16.736387557427161,-27.100815574328667,-22.364390864719379,-24.227507222030809,-27.325194553664371,-26.543595408954552,-28.99954718370682,-34.224252034064975,-34.472544561354994,9.3064589631118277,-61.230660713370732,-24.846304859879684,-24.75622459491629,-52.917708875515764,0.18174192130071323
ts_125_1_NO2-A-4-c,-14.968588264089641,-34.239734335222956,-16.388298236490982,-24.579584753051126,-21.797938356088075,-24.411860428643916,-27.260996963623501,-26.409374487946074,-28.751417392488943,-33.910414891455339,-33.959979929740868,10.482523356076735,-60.906060838684915,-25.007835746299726,-24.737594951409658,-51.955001236352174,1.8166824079606099
ts_124_2_NO2-B-12-c,-16.055776938416834,-33.478455406778131,-17.898227458674654,-31.921199785960184,-28.007687862744309,-27.02630233967994,-28.614789069666543,-30.238751951882506,-28.743861597759789,-44.287996440589914,-43.823750993020596,-0.091195287560591545,-52.036753205951101,-24.735168849503431,-24.037046796037423,-53.619771003539071,-2.937797380662337
ts_61_1_NO2-B-12-c,-8.5078357034339103,-33.279272018521688,-9.7122440895730069,-33.575795316000956,-27.002916011768203,-28.586607954093271,-28.298484549660497,-28.598840984890934,-28.506668706938175,-33.202305946485822,-36.422620438337262,-0.34836769540355128,-83.51331482455852,-23.116659092922621,-21.787975184713126,-50.783762872422884,-1.6931811318938035
ts_104_1_RR-B-4-b,-25.404435131703977,-48.39645107634415,-25.985229433516398,-21.803577552390045,-25.612245347119604,-25.214404410722388,-26.820036668691266,-27.016012376972903,-27.914195199564521,-64.23971356650874,-46.775738953099811,-3.7436472568333081,-49.292522902376959,-22.04442460406079,-19.161856125233413,-46.401466961457949,-1.7832430100661911
ts_428_1_RR-B-4-b,-24.472177222300946,-47.024435198504953,-24.699616567859557,-21.386681906171436,-27.4261604421363,-25.838105739425334,-27.564050697233462,-27.73293469985061,-27.678928085611496,-66.267459339787507,-47.927975228493281,1.7242288990829127,-48.38590265731586,-22.90630335917476,-20.271455608996607,-34.805983080533636,2.0451170902235773
ts_57_1_NO2-A-5-c,-10.080919297960923,-29.855869042866502,-11.744952350161277,-25.000247827340214,-23.137557609093324,-24.985414924476142,-26.278181751001455,-25.587561804563183,-27.098371800238727,-30.891040153480059,-31.972844536518743,8.4345759461604288,-60.122632254352453,-23.26949870200016,-22.909177642146737,-54.110680825703504,3.2152802330320327
ts_121_1_NO2-A-1-c,-14.452491537376165,-33.401936488067207,-16.022579587471061,-27.489770354750092,-22.920691614956798,-25.091815042850623,-25.839576500065995,-25.9665652622644,-26.969192039529872,-34.083465699929263,-33.034781648518397,9.3835147908843197,-60.395851487899726,-25.19089852758238,-24.96569786517399,-56.382100712959833,-0.61537714262385679
ts_263_1_RR-B-4-b,-22.667276927666745,-45.983835550643526,-22.990985345993995,-23.440982119546483,-25.81866357136262,-23.946025957715243,-26.034029388341963,-26.20696271464497,-26.947784937594218,-62.608695231296124,-46.105766918843365,2.6228107486170251,-44.146484773672952,-21.648210750528783,-18.855722536664757,-35.59240528896941,2.4485202050311003
ts_67_1_RR-B-4-b,-24.472642370087573,-47.43564227231537,-24.773678366615346,-25.278750873597279,-25.837211486928883,-23.78662068932416,-26.010750641834242,-26.825035771358955,-26.759383400513769,-63.430032366412156,-46.66630515142392,4.2208746274535303,-43.389943964064571,-21.315883131113182,-18.410794586044922,-33.827963489435398,0.43378514291336395
ts_21_1_RR-B-4-b,-21.789067277419292,-45.369388368940626,-22.31431785997281,-20.253423458489777,-24.984461499302661,-23.477078223183682,-25.437279019050628,-25.90245089024339,-26.504612500317183,-62.272388108544959,-45.655256779509784,3.8929862127756061,-39.562759204828431,-20.901140588498759,-18.378893169524805,-34.139465410177976,1.4066317105524595
ts_268_1_RR-B-4-b,-23.973658217374542,-46.878906500045893,-24.107022255240256,-20.866561839061347,-26.254172276167637,-23.915836137819646,-25.35905282927866,-25.376767588416346,-26.296937165133247,-64.007577057507177,-46.497813200568352,1.5944538343308408,-45.218505146259758,-22.300276927855421,-19.462748581509722,-35.034503180469542,-1.6109448335787202
ts_444_1_RR-B-4-b,-21.296887055412668,-44.732112352272836,-21.73547561572169,-21.149473580571382,-24.401853479185249,-23.502296019815073,-24.957757443409005,-25.454455208113718,-26.102726323931844,-61.994208350676978,-44.62353586717699,4.0995711875761689,-38.81592644777821,-20.188091533963949,-17.688364181230828,-33.603067904340648,0.55187949776281853
ts_131_1_NO2-A-2-c,-13.307509515227585,-32.198858765192298,-14.831103606244476,-22.736852372287469,-19.945134137085727,-22.448438965918513,-24.685346038211513,-24.3402656091246,-26.012952326063786,-33.642680393169108,-33.036760857002626,8.4441054869237178,-58.560216917936629,-23.097461445710493,-23.052421313228816,-53.530702780713803,-0.78103332450788432
ts_95_1_NO2-A-5-c,-10.032269274415315,-29.236781457192937,-11.771224430583711,-21.413656917008176,-22.815020977785373,-24.533293969030446,-25.10368726946896,-24.478202875949449,-25.973667777660587,-30.400812606199356,-31.20908285500224,8.6025294942256405,-58.606774729245082,-21.594235140076584,-21.143833815259811,-51.452496295869871,2.5084367019712688
ts_75_1_NO2-A-3-c,-12.58202066238001,-31.667771832629917,-14.083057307735162,-24.612687247643951,-22.52650794595359,-24.297127203806212,-24.878204167645681,-24.927398086759428,-25.954274071094048,-33.027790590125434,-31.386970646607125,9.0098995746943871,-58.29456703710909,-24.189241887216109,-23.761360628640173,-53.083819094167794,-0.45560443636219117
ts_28_1_RR-B-4-b,-20.315102376586903,-44.124486178653122,-20.795482373102413,-21.700663202757514,-24.396359947535089,-22.79377565687502,-25.31796135792505,-25.538719585391402,-25.898207688693191,-60.881346472335693,-44.534598887829809,2.0011840938200494,-38.698609350593287,-20.237415720577438,-17.827768632807675,-33.949207927065949,-0.14433527397438622
ts_122_1_NO2-A-1-c,-9.7275956694078989,-29.484703636462836,-11.354751112386705,-23.963161180185057,-21.315146033445139,-23.997824164225264,-24.823997570172079,-24.45508303777607,-25.766310595811085,-31.413613066240828,-31.560631272035849,9.3653620070301944,-58.46046362153978,-22.94769558634734,-22.812575188902304,-52.049929852305944,0.23575970608109878
ts_59_1_NO2-A-2-c,-13.165071715085519,-32.035651393877657,-14.67647023706739,-21.788984530463036,-18.9048819236707,-21.895685997324126,-24.408146981777257,-23.783028209450379,-25.737314719534897,-33.551502802037533,-32.883719060381416,8.9382301211252386,-58.228349848382969,-23.041845326199642,-22.906724928754567,-53.093797837571401,-1.0156535284985893
ts_261_1_RR-B-4-b,-19.462476603817517,-43.326159598562988,-19.720758638503138,-19.760726123334496,-24.010885934066238,-23.128024946222897,-24.35364248074751,-24.949761719532564,-25.713818950461732,-61.659399512229491,-45.301785006111047,-1.7665812277382336,-40.988086641182505,-20.256048802051396,-17.373480323224051,-34.710171963756935,2.3172027818724135
ts_158_1_RR-B-4-b,-20.787415394417849,-44.215562461202829,-21.218067863055666,-21.331586762530748,-23.676222844625773,-22.801056035189646,-24.756413129459705,-25.163511709717682,-25.648730893295852,-60.393681215138947,-44.612589476590017,2.0388714422401097,-36.269903481594831,-19.749002726764353,-17.204235241549551,-31.28900545880505,0.35788772353449266
ts_63_1_NO2-A-1-c,-11.449046028083693,-30.566515066998868,-13.010242317091359,-23.616130927334694,-20.889711533480522,-23.782180496149877,-24.487180895031784,-24.189658711302105,-25.644803567657483,-32.954016551538025,-31.790384496085764,9.550581868314671,-57.358216774898246,-24.134799038218343,-23.774477978364963,-52.714617093176209,0.40648639993137686
ts_19_1_NO2-A-2-c,-12.856493388487342,-31.732078820207445,-14.376768713462612,-20.821819843150806,-19.189624327555286,-22.456473285382096,-24.339993127650228,-24.003467684664564,-25.567292753271566,-33.581373913892989,-32.405811061544668,8.9761811819380206,-58.091588805887454,-23.175613335539662,-22.950412673131272,-53.113666037734085,-0.36781271245723374
ts_168_1_RR-B-4-b,-20.465393811422782,-43.9201685417218,-20.980240139285335,-21.798670558679639,-23.164527511805325,-22.489288971581473,-24.504583208380868,-24.832696614904492,-25.465737752453272,-60.936183952786962,-43.965430953763175,6.0807875281710455,-37.438254223817964,-19.644375196676496,-17.122127777702499,-32.893254531260702,1.5814523173832606
ts_25_1_NO2-A-1-c,-8.6246039080432837,-28.88285702170975,-10.262892578855304,-22.995472194473226,-21.431576328069447,-23.991311058369167,-24.464643216129872,-24.038202450072266,-25.398731139450447,-31.300198068420595,-31.495511260105058,6.7106248360921965,-57.894405781820552,-22.191590006701759,-21.876309079330014,-51.789881117293113,0.86811698881646127
ts_156_1_NO2-A-5-c,-12.214517594707662,-30.214384241361461,-13.800144490119511,-22.318266435361434,-20.407451710022386,-22.842831381784812,-24.127963067133418,-23.376452072448739,-25.17007143513997,-31.27459832662792,-30.735249337835484,7.0944703207864679,-57.251036900795974,-21.922277624221177,-21.426836166922719,-51.745269667325786,-1.2153359067908809
ts_23_1_NO2-A-2-c,-12.865618480336714,-31.694907483914012,-14.33858674943831,-21.639091345419576,-18.958144311786924,-21.717174760722543,-23.762119604380963,-23.589975249957423,-25.165423224265425,-33.32874930638372,-32.47264590915514,8.9235945821639238,-57.773342018305257,-22.373022979410155,-22.102782184520088,-52.627962473425605,-0.32087693506967974
ts_34_1_NO2-A-2-c,-12.801141606210077,-31.602821687449303,-14.276883502479315,-19.975637938529552,-18.32541660829553,-21.62699027081964,-23.668987737242805,-23.366528292896849,-24.952565536214056,-33.570724381965078,-32.156611569962273,8.4947585379089627,-57.51526637910775,-22.51032043263816,-22.28511977022977,-52.5757612894148,-0.22014070981719161
ts_130_1_NO2-A-1-c,-10.793889404627562,-29.852726144874932,-12.255079168003254,-24.214566308736536,-21.89366173372499,-23.533493247430272,-23.630235135877466,-24.021603757757745,-24.944123756427263,-31.90450113411779,-30.59733114661152,8.527121382113716,-57.046379588838256,-23.257697379933429,-22.919896386320843,-50.838475486582077,-0.10356857882417581
ts_10_1_NO2-A-1-c,-12.108653149387635,-30.966981697298142,-13.68675841401026,-23.283732833532856,-20.650982283161227,-23.409666837436973,-23.835062798274969,-23.992532822006375,-24.873300529896376,-33.013303828485071,-31.183509959975581,9.8036651014140688,-57.565269248315069,-23.711246418454731,-23.305885226119628,-52.619437763206854,1.1462010460664811
ts_134_1_NO2-A-1-c,-10.009543837658679,-29.165984107112553,-11.541128527774356,-24.87167718231802,-22.293262499884062,-23.904296058396476,-23.622134075384938,-23.977149504397929,-24.724039377091533,-31.180211384944609,-30.218666134766917,6.8746809616194655,-57.564141699159379,-22.719725991341637,-22.404445063969892,-50.86264695620256,1.2337345455745512
ts_108_1_NO2-A-5-c,-8.9211673641347886,-28.435237362595238,-10.390452493041249,-22.881564719878877,-23.231436087706346,-23.881043063547263,-24.059669386355221,-23.973520236470527,-24.709408485006932,-31.172821441893014,-30.863439936170785,4.946360735422366,-56.579688755243822,-21.500595941091934,-21.07271468251599,-53.637387491679085,1.4021577716487557
ts_77_1_NO2-A-2-c,-12.739263876455158,-31.483426066514593,-14.205280381670045,-20.166644819732376,-19.035896081285909,-21.746284609305398,-23.350710141513996,-23.237675463329083,-24.670289257317528,-33.656741354256347,-32.106320563358125,8.6022299374585778,-57.248531213680479,-22.132361362533299,-21.997240965088267,-52.620542339601748,0.26264411070797228
ts_434_1_RR-B-4-b,-20.673213320843516,-44.776552832748138,-20.891705388351344,-19.831982311172471,-23.148754972466264,-22.129332174051108,-24.003478332086143,-23.733352996520065,-24.667306217295987,-60.857448526905429,-44.735439767428083,1.243143715620038,-37.482614744078788,-17.601316546576054,-15.416870121214682,-34.189969266554627,1.3253093585899534
