cohort,model,metric,location,n_reactions,unit,mean,q25,median,q75
full,mace_mh1_omol,force,reactant,8474,eV/angstrom,0.0532342563528842,0.02789466242269065,0.0400667917011862,0.06182723728551012
full,mace_mh1_omol,force,F_rev,8474,eV/angstrom,0.11441348695069986,0.06856695861512982,0.10012096300444856,0.1417217034930019
full,mace_mh1_omol,force,ts,8474,eV/angstrom,0.16096720511777482,0.10255012277963374,0.14142227382760003,0.19728380331228138
full,mace_mh1_omol,force,F_forw,8474,eV/angstrom,0.1164014533477269,0.0696717565780749,0.10134441551734785,0.1442341820347498
full,mace_mh1_omol,force,product,8474,eV/angstrom,0.05280200501841647,0.027750239097850175,0.04011570496387495,0.0612395479564708
full,mace_mh1_omol,energy,F_rev,8474,kcal/mol,2.2533205196823887,0.6771292945415706,1.6333263250524228,3.189556289113399
full,mace_mh1_omol,energy,ts,8474,kcal/mol,3.6678791607285874,1.227736012185799,2.803401543399727,5.370790947834481
full,mace_mh1_omol,energy,F_forw,8474,kcal/mol,2.2537176099985836,0.6718330426591865,1.628623698802751,3.2219171474998007
full,mace_mh1_omol,energy,reaction_energy,8474,kcal/mol,1.5383261028895399,0.4419408384778588,1.002149688079535,1.934653745557969
full,mace_mh1_omat,force,reactant,8474,eV/angstrom,0.40014757873974705,0.297730114909844,0.386739497681216,0.4845826696313774
full,mace_mh1_omat,force,F_rev,8474,eV/angstrom,0.43788490903631366,0.32044304175247795,0.41287357589107915,0.5340801290861248
full,mace_mh1_omat,force,ts,8474,eV/angstrom,0.4568666359824625,0.3346263383529374,0.42911396057229345,0.5552213457059384
full,mace_mh1_omat,force,F_forw,8474,eV/angstrom,0.4390753040515493,0.3199954689501826,0.4133801542225798,0.5314452620288027
full,mace_mh1_omat,force,product,8474,eV/angstrom,0.400218786136709,0.29715228100112767,0.3859884983867852,0.4865877417186437
full,mace_mh1_omat,energy,F_rev,8474,kcal/mol,5.774576714326436,2.979625780658984,4.94303475472495,7.463876152549278
full,mace_mh1_omat,energy,ts,8474,kcal/mol,9.668992550181043,5.508946742992362,8.415222489629418,12.489203929029257
full,mace_mh1_omat,energy,F_forw,8474,kcal/mol,5.86559887514372,2.9898512626243927,5.003718218624437,7.562229194036509
full,mace_mh1_omat,energy,reaction_energy,8474,kcal/mol,3.084213282543575,1.012432017626717,2.3071687405939896,4.028769681041165
full,mace_mh1_spice,force,reactant,8474,eV/angstrom,0.0765497563740649,0.054212355694848974,0.06517667762946075,0.08339485931522575
full,mace_mh1_spice,force,F_rev,8474,eV/angstrom,0.13068467824696,0.0865242102574909,0.1168118771319871,0.15676759051858433
full,mace_mh1_spice,force,ts,8474,eV/angstrom,0.17430791001814538,0.11473050857142805,0.152287757405264,0.2099947606143842
full,mace_mh1_spice,force,F_forw,8474,eV/angstrom,0.13238534972156182,0.08663936647604413,0.11747866300807056,0.15794483252450797
full,mace_mh1_spice,force,product,8474,eV/angstrom,0.07597836223675491,0.053965986430764695,0.06463750321202544,0.082882831019407
full,mace_mh1_spice,energy,F_rev,8474,kcal/mol,2.553839576518723,0.8405671340575167,1.8999249112520549,3.5892815166407086
full,mace_mh1_spice,energy,ts,8474,kcal/mol,4.202922854669947,1.6317777253677892,3.3690001236063356,5.899364125604177
full,mace_mh1_spice,energy,F_forw,8474,kcal/mol,2.54504489671215,0.8528447172260705,1.9078711571752598,3.584662172621075
full,mace_mh1_spice,energy,reaction_energy,8474,kcal/mol,1.6998871908139612,0.519277024459702,1.1497863124171257,2.136534760302525
full,mace_polar_1_s,force,reactant,8474,eV/angstrom,0.07023147450988408,0.03768515712057115,0.05446885043260765,0.08140303105236918
full,mace_polar_1_s,force,F_rev,8474,eV/angstrom,0.156681565937565,0.09610006168089058,0.13585295501442715,0.19080970448690085
full,mace_polar_1_s,force,ts,8474,eV/angstrom,0.2016494924589042,0.1282058533663418,0.1769407235277859,0.2418925181258861
full,mace_polar_1_s,force,F_forw,8474,eV/angstrom,0.15862735875809864,0.09728018672809693,0.13718504552848326,0.19171806574791272
full,mace_polar_1_s,force,product,8474,eV/angstrom,0.06990719600097393,0.0376829677730956,0.05439172933944935,0.07985167649613695
full,mace_polar_1_s,energy,F_rev,8474,kcal/mol,2.6880385969272695,0.8141670091947493,1.8500064473713684,3.485287827929469
full,mace_polar_1_s,energy,ts,8474,kcal/mol,3.777318295779888,1.2171647542911934,2.7588277703616315,5.01295002372397
full,mace_polar_1_s,energy,F_forw,8474,kcal/mol,2.6224508286553316,0.7726534418802266,1.7562787785740115,3.432168642381748
full,mace_polar_1_s,energy,reaction_energy,8474,kcal/mol,1.8893562846641567,0.5514076932980347,1.2425778291839205,2.4197019381568188
full,mace_polar_1_m,force,reactant,8474,eV/angstrom,0.026074563127541295,0.014418091754800575,0.018580880422967898,0.026267421974514073
full,mace_polar_1_m,force,F_rev,8474,eV/angstrom,0.0574313955476067,0.03216939229170145,0.046272322128601245,0.06542322525991442
full,mace_polar_1_m,force,ts,8474,eV/angstrom,0.08672113687224836,0.046097456842131776,0.06693497402000845,0.09368639453122535
full,mace_polar_1_m,force,F_forw,8474,eV/angstrom,0.05729431843051619,0.03218934994183487,0.0458976556456175,0.06539869381160002
full,mace_polar_1_m,force,product,8474,eV/angstrom,0.02578568166333813,0.014419290258965725,0.0186082271266486,0.025962921870134825
full,mace_polar_1_m,energy,F_rev,8474,kcal/mol,0.9616843215710752,0.2561186098808246,0.6236001905722723,1.2579564888416792
full,mace_polar_1_m,energy,ts,8474,kcal/mol,1.6850744737150283,0.4218113566400253,0.9951597315475318,1.931119928507231
full,mace_polar_1_m,energy,F_forw,8474,kcal/mol,0.9654758999637288,0.2613446833647313,0.6230246157673847,1.2777436583890927
full,mace_polar_1_m,energy,reaction_energy,8474,kcal/mol,0.6697931673397979,0.1825546226419352,0.40444825983890575,0.7458089698033049
full,mace_polar_1_l,force,reactant,8474,eV/angstrom,0.019728084761678175,0.011493237060201,0.01426111708981365,0.0184012928956726
full,mace_polar_1_l,force,F_rev,8474,eV/angstrom,0.037880594926681235,0.020872925016042574,0.028991220401088202,0.04084542404717428
full,mace_polar_1_l,force,ts,8474,eV/angstrom,0.06268866554441974,0.029478356206448952,0.04101243735398565,0.05766869463090615
full,mace_polar_1_l,force,F_forw,8474,eV/angstrom,0.037482030436783054,0.020759600675339003,0.028925218130266953,0.041012812751430955
full,mace_polar_1_l,force,product,8474,eV/angstrom,0.01935910120350139,0.011474593090292074,0.01425887469908355,0.018358661544093623
full,mace_polar_1_l,energy,F_rev,8474,kcal/mol,0.587829095651815,0.16493418220282047,0.37648917409451166,0.7175046570257706
full,mace_polar_1_l,energy,ts,8474,kcal/mol,1.1368744830895396,0.2659115324008623,0.5789243736232874,1.066866484356054
full,mace_polar_1_l,energy,F_forw,8474,kcal/mol,0.5874179118037268,0.16811582047733925,0.38635882336333116,0.7267506078757432
full,mace_polar_1_l,energy,reaction_energy,8474,kcal/mol,0.5911582129623867,0.16885251931433276,0.37894283498303727,0.6724671546981233
full,orbmol_v2,force,reactant,8474,eV/angstrom,0.021238612791768502,0.011939811221954175,0.01500993937374135,0.019954491917330522
full,orbmol_v2,force,F_rev,8474,eV/angstrom,0.04366393625022635,0.024192688369807924,0.0335830853758111,0.047834261060504674
full,orbmol_v2,force,ts,8474,eV/angstrom,0.07259410143035015,0.03690911702606675,0.05088884487946545,0.07087054654531619
full,orbmol_v2,force,F_forw,8474,eV/angstrom,0.04343587940770456,0.024195310477908877,0.0333823354765691,0.04772919771572955
full,orbmol_v2,force,product,8474,eV/angstrom,0.021032403621679484,0.01192926324336955,0.0150530404729835,0.019901545914605148
full,orbmol_v2,energy,F_rev,8474,kcal/mol,0.6153883096376987,0.17066702649354923,0.3822453110330292,0.7447948921922779
full,orbmol_v2,energy,ts,8474,kcal/mol,1.1661695953415752,0.25316187158835857,0.5747749634363162,1.1335535977179676
full,orbmol_v2,energy,F_forw,8474,kcal/mol,0.6162285840762335,0.17244808343822615,0.3918255926865699,0.7541899772683338
full,orbmol_v2,energy,reaction_energy,8474,kcal/mol,0.5651026675914969,0.1439428659368732,0.31854320034579087,0.6146723369213065
full,uma_s_omol,force,reactant,8474,eV/angstrom,0.017289519041797496,0.010206244474393524,0.012562232324718599,0.01589819167010165
full,uma_s_omol,force,F_rev,8474,eV/angstrom,0.029966599176322172,0.0160232777599995,0.021754032839639552,0.0307752600049917
full,uma_s_omol,force,ts,8474,eV/angstrom,0.05321980104611707,0.02354001363506105,0.032399398193495,0.0449753476959772
full,uma_s_omol,force,F_forw,8474,eV/angstrom,0.029968072177353214,0.0161695059773181,0.02191038831356405,0.030636019789348698
full,uma_s_omol,force,product,8474,eV/angstrom,0.017181760898721494,0.010173423542005601,0.0125474427114728,0.015907680162275374
full,uma_s_omol,energy,F_rev,8474,kcal/mol,0.42316201386884705,0.1158140696105816,0.2660352376973424,0.49495913351789994
full,uma_s_omol,energy,ts,8474,kcal/mol,0.9470242676640143,0.17463187365840374,0.40555275642984256,0.7652073176466456
full,uma_s_omol,energy,F_forw,8474,kcal/mol,0.4180125014683158,0.1189069440246861,0.2615795931336562,0.48696163937774406
full,uma_s_omol,energy,reaction_energy,8474,kcal/mol,0.4930757251586969,0.12491169770758846,0.2715966722634088,0.5115854581588606
full,uma_m_omol,force,reactant,8474,eV/angstrom,0.015179285393679645,0.009237525968617676,0.011217762982093,0.013642753032603976
full,uma_m_omol,force,F_rev,8474,eV/angstrom,0.02202472553757183,0.011871620473869025,0.014838174071299899,0.0190000960808209
full,uma_m_omol,force,ts,8474,eV/angstrom,0.04132921962522737,0.01596720117748375,0.02009773227500085,0.0259279828531754
full,uma_m_omol,force,F_forw,8474,eV/angstrom,0.02155762190903222,0.0120361037043572,0.015033223055175,0.01925002997659545
full,uma_m_omol,force,product,8474,eV/angstrom,0.01486280718701398,0.009201077405272626,0.0111991824457039,0.013659374982556675
full,uma_m_omol,energy,F_rev,8474,kcal/mol,0.3467180527618566,0.08446361517882409,0.1910901648485938,0.3766754297681044
full,uma_m_omol,energy,ts,8474,kcal/mol,0.7978941291319892,0.12509688793012183,0.27177028375946466,0.5014849413753236
full,uma_m_omol,energy,F_forw,8474,kcal/mol,0.349148595682534,0.08319405185203765,0.19370912256216005,0.3748238488769392
full,uma_m_omol,energy,reaction_energy,8474,kcal/mol,0.4677981011066785,0.11519651462869153,0.2568112245056776,0.47569679752853045
full,uma_s_omc,force,reactant,8474,eV/angstrom,0.4413939434322509,0.32800033126247463,0.4255616199904668,0.5331804826073698
full,uma_s_omc,force,F_rev,8474,eV/angstrom,0.5447822871774808,0.3916211177594353,0.5083230938679006,0.661461825657664
full,uma_s_omc,force,ts,8474,eV/angstrom,0.5563391736198233,0.3937261435521564,0.5178886033832404,0.687633968438066
full,uma_s_omc,force,F_forw,8474,eV/angstrom,0.5472900364521942,0.3899226620719768,0.5107412469016667,0.6666851536081394
full,uma_s_omc,force,product,8474,eV/angstrom,0.44210957477634155,0.32655795444733066,0.42436942064008515,0.5340420381275509
full,uma_s_omc,energy,F_rev,8474,kcal/mol,10.35802818976153,5.5959709192461995,8.858958691102444,14.050162376327055
full,uma_s_omc,energy,ts,8474,kcal/mol,16.856804496866975,11.377699643710178,15.85182294333014,21.525620570407877
full,uma_s_omc,energy,F_forw,8474,kcal/mol,10.561905707728869,5.802256491350596,8.917072291909955,14.491022890404205
full,uma_s_omc,energy,reaction_energy,8474,kcal/mol,4.2369652928926085,1.1265058387985443,2.5406720541342986,5.28712425471911
full,uma_m_omc,force,reactant,8474,eV/angstrom,0.4279351512509421,0.32057011990076967,0.41467242239894764,0.516157694384112
full,uma_m_omc,force,F_rev,8474,eV/angstrom,0.4634549909832388,0.34330682413669394,0.43841654453254736,0.561574054814262
full,uma_m_omc,force,ts,8474,eV/angstrom,0.46613507798635817,0.3303723258376071,0.4345240940510585,0.570356845187277
full,uma_m_omc,force,F_forw,8474,eV/angstrom,0.4637588151113675,0.34030640834317283,0.4382746851871112,0.562398748364678
full,uma_m_omc,force,product,8474,eV/angstrom,0.4281140740828377,0.31938178685247587,0.41358646734372073,0.5154337722044422
full,uma_m_omc,energy,F_rev,8474,kcal/mol,7.091978999582813,4.494226673733098,6.356581445095458,9.129121654792543
full,uma_m_omc,energy,ts,8474,kcal/mol,12.185704996337758,9.05429254943341,11.896434950767526,14.686936429973011
full,uma_m_omc,energy,F_forw,8474,kcal/mol,7.1734133820001915,4.5932594416940296,6.459322607168205,9.098880217358552
full,uma_m_omc,energy,reaction_energy,8474,kcal/mol,3.317266806254028,1.0676634502959526,2.2662347640064047,4.236286708717073
full,aimnet2_wb97m_d3,force,reactant,8474,eV/angstrom,0.10558523168615414,0.08247288103586912,0.09773768655997986,0.11819701327176672
full,aimnet2_wb97m_d3,force,F_rev,8474,eV/angstrom,0.191616551559134,0.1420276480819935,0.1770125210408427,0.22411349040436107
full,aimnet2_wb97m_d3,force,ts,8474,eV/angstrom,0.258994677906555,0.18387371582795153,0.2394374798241748,0.30399579420687717
full,aimnet2_wb97m_d3,force,F_forw,8474,eV/angstrom,0.19071819589100925,0.14212476112834993,0.1759995293692704,0.22195371053616264
full,aimnet2_wb97m_d3,force,product,8474,eV/angstrom,0.10542311691659369,0.08160795344668538,0.09743295265384591,0.11786361998289252
full,aimnet2_wb97m_d3,energy,F_rev,8474,kcal/mol,2.7673767150613453,1.02509663181801,2.2239785146655926,3.919786777184414
full,aimnet2_wb97m_d3,energy,ts,8474,kcal/mol,5.047078434846875,1.8385548203109938,3.8441122875420914,6.858271216773536
full,aimnet2_wb97m_d3,energy,F_forw,8474,kcal/mol,2.706694783183993,0.9919519315941268,2.187222529660794,3.818944744147367
full,aimnet2_wb97m_d3,energy,reaction_energy,8474,kcal/mol,1.6477819105054732,0.5585743248963964,1.2432651335419513,2.280253236226679
full,nep89_20250409,force,reactant,8474,eV/angstrom,0.454584323409398,0.3388756872127615,0.432053649346992,0.537699619218875
full,nep89_20250409,force,F_rev,8474,eV/angstrom,0.6316451055369935,0.4866869959212562,0.6090477105756555,0.7390693938166086
full,nep89_20250409,force,ts,8474,eV/angstrom,0.6640386266240595,0.530619330284281,0.6384548126107563,0.7679111284423952
full,nep89_20250409,force,F_forw,8474,eV/angstrom,0.6371273518608369,0.48621733260834804,0.6062295323841647,0.750114975188947
full,nep89_20250409,force,product,8474,eV/angstrom,0.4486879159833561,0.33304725366996757,0.426040669294557,0.5331124275128667
full,nep89_20250409,energy,F_rev,8474,kcal/mol,12.480523476050056,4.869996185217499,9.998909587948354,18.053202061530264
full,nep89_20250409,energy,ts,8474,kcal/mol,20.08866383518073,8.923128777184848,18.34318006060208,28.665029714831984
full,nep89_20250409,energy,F_forw,8474,kcal/mol,12.53653419997123,4.564048451834485,9.95020731061389,18.029401477468834
full,nep89_20250409,energy,reaction_energy,8474,kcal/mol,14.910511464887279,5.6286714123060815,12.588118439389024,22.07629479418187
full,sevennet_omni_i12_omol25_low,force,reactant,8474,eV/angstrom,0.03245027354223542,0.0177708175945047,0.0241503067774705,0.0356443465610236
full,sevennet_omni_i12_omol25_low,force,F_rev,8474,eV/angstrom,0.0692441588239416,0.04148954382768237,0.058094261476307696,0.08014118622746383
full,sevennet_omni_i12_omol25_low,force,ts,8474,eV/angstrom,0.10173537893080714,0.0577899455845217,0.0803326976240782,0.11280904254701352
full,sevennet_omni_i12_omol25_low,force,F_forw,8474,eV/angstrom,0.06936598255329259,0.04164092941128905,0.05788251554677375,0.08077606972193316
full,sevennet_omni_i12_omol25_low,force,product,8474,eV/angstrom,0.03235465731781118,0.017604506436311725,0.023941304950261047,0.03549142112392155
full,sevennet_omni_i12_omol25_low,energy,F_rev,8474,kcal/mol,1.1729582498095017,0.3314950468248442,0.7691732784490561,1.5298832273568936
full,sevennet_omni_i12_omol25_low,energy,ts,8474,kcal/mol,2.1216540220154068,0.5695503902249527,1.2763027303990995,2.5893477087620695
full,sevennet_omni_i12_omol25_low,energy,F_forw,8474,kcal/mol,1.154428917032068,0.3269241786052972,0.7585340419873234,1.5307008538714835
full,sevennet_omni_i12_omol25_low,energy,reaction_energy,8474,kcal/mol,0.8059922211950257,0.22013866670991547,0.47694811224789646,0.8995233028338674
full,sevennet_omni_i12_spice,force,reactant,8474,eV/angstrom,0.06190934888895898,0.0490035878030651,0.05651164771843255,0.06587238541306611
full,sevennet_omni_i12_spice,force,F_rev,8474,eV/angstrom,0.08865584343738875,0.0647120026609494,0.07815753477928775,0.09780403629176637
full,sevennet_omni_i12_spice,force,ts,8474,eV/angstrom,0.1175981761659218,0.07517510935390923,0.09737041848921635,0.12698008005876127
full,sevennet_omni_i12_spice,force,F_forw,8474,eV/angstrom,0.0886574651810742,0.06458193620240318,0.07780167794275686,0.09859727504761745
full,sevennet_omni_i12_spice,force,product,8474,eV/angstrom,0.06177562341014594,0.0485623657511347,0.05604909952650605,0.06587689541754366
full,sevennet_omni_i12_spice,energy,F_rev,8474,kcal/mol,1.852230327676796,0.603130185688694,1.403347592056432,2.6965574561195673
full,sevennet_omni_i12_spice,energy,ts,8474,kcal/mol,2.717360574441531,0.9109309116016441,1.8621817889019,3.5181209187333513
full,sevennet_omni_i12_spice,energy,F_forw,8474,kcal/mol,1.820871624838481,0.5794705538708655,1.397297647759698,2.64640613858081
full,sevennet_omni_i12_spice,energy,reaction_energy,8474,kcal/mol,2.028353962035226,0.8037849095728231,1.7640363269062387,2.8886248951310955
chno,mace_mh1_omol,force,reactant,3706,eV/angstrom,0.048660740943911575,0.02648896295832265,0.0364354304726367,0.05498527243956255
chno,mace_mh1_omol,force,F_rev,3706,eV/angstrom,0.1123962208883636,0.0664159746738313,0.09552685868668176,0.13803526113664427
chno,mace_mh1_omol,force,ts,3706,eV/angstrom,0.1523628703702557,0.09670190820296348,0.13447186598431515,0.18563371906362178
chno,mace_mh1_omol,force,F_forw,3706,eV/angstrom,0.11434945854981521,0.06763715478433183,0.0963497503965859,0.14016161394456195
chno,mace_mh1_omol,force,product,3706,eV/angstrom,0.04767490425398185,0.026282021660318677,0.036371036293337655,0.054782267623294426
chno,mace_mh1_omol,energy,F_rev,3706,kcal/mol,2.285282014119508,0.6380359400517882,1.5884073019942941,3.2159971653923423
chno,mace_mh1_omol,energy,ts,3706,kcal/mol,3.5943952043583214,1.1389019388944632,2.629962047158158,5.385581404428659
chno,mace_mh1_omol,energy,F_forw,3706,kcal/mol,2.2339687852636194,0.645078310987296,1.5957788371766088,3.261590679186503
chno,mace_mh1_omol,energy,reaction_energy,3706,kcal/mol,1.34177538809074,0.3781894069808977,0.8899144988247305,1.712998218027615
chno,mace_mh1_omat,force,reactant,3706,eV/angstrom,0.41460466165432697,0.3128967546367209,0.4028007025653114,0.495355870745014
chno,mace_mh1_omat,force,F_rev,3706,eV/angstrom,0.4430816864367969,0.32943771175322595,0.4211657656877413,0.5350463571348666
chno,mace_mh1_omat,force,ts,3706,eV/angstrom,0.45501250106899666,0.3359348232420663,0.4330018628636966,0.5527689400741104
chno,mace_mh1_omat,force,F_forw,3706,eV/angstrom,0.44432322463948337,0.32866822149603736,0.42154039365011137,0.5321309929920297
chno,mace_mh1_omat,force,product,3706,eV/angstrom,0.4137469689246771,0.31328075316054693,0.4007157671951106,0.4983652792830217
chno,mace_mh1_omat,energy,F_rev,3706,kcal/mol,5.330502589874641,2.642681798735457,4.548798138718547,6.7398199916081865
chno,mace_mh1_omat,energy,ts,3706,kcal/mol,9.016672973494442,4.98802708087896,7.877963203160871,11.490325290472011
chno,mace_mh1_omat,energy,F_forw,3706,kcal/mol,5.473688707167505,2.6502670550320966,4.668138776233321,7.033628864630819
chno,mace_mh1_omat,energy,reaction_energy,3706,kcal/mol,2.725420589438555,0.8511268262396351,1.9694833792734048,3.589981559934319
chno,mace_mh1_spice,force,reactant,3706,eV/angstrom,0.07434371769321683,0.054978036818131404,0.06450323735097516,0.07904968893580973
chno,mace_mh1_spice,force,F_rev,3706,eV/angstrom,0.1304794514464044,0.08622455607074445,0.11414227480983549,0.15504981894972591
chno,mace_mh1_spice,force,ts,3706,eV/angstrom,0.16697528343398393,0.11089482408411477,0.14611630243832086,0.19826928937374788
chno,mace_mh1_spice,force,F_forw,3706,eV/angstrom,0.1318172507687281,0.08678318585664388,0.1143220194221134,0.15470628400136055
chno,mace_mh1_spice,force,product,3706,eV/angstrom,0.07325129949237691,0.05434649507409005,0.06406751934592245,0.0791745284773977
chno,mace_mh1_spice,energy,F_rev,3706,kcal/mol,2.6471132388606073,0.8755105764027693,1.9706093005121574,3.664559565188178
chno,mace_mh1_spice,energy,ts,3706,kcal/mol,4.245575822131156,1.6895694161820145,3.3818299197930717,5.96888192372261
chno,mace_mh1_spice,energy,F_forw,3706,kcal/mol,2.591173662514111,0.8810531092273906,1.96216920699041,3.7136320836306553
chno,mace_mh1_spice,energy,reaction_energy,3706,kcal/mol,1.5420043765039648,0.506606882978865,1.1092779467198042,2.0076928997945904
chno,mace_polar_1_s,force,reactant,3706,eV/angstrom,0.06450442782747984,0.03666026477503328,0.050709557830210555,0.0727932020342727
chno,mace_polar_1_s,force,F_rev,3706,eV/angstrom,0.15291000302533933,0.0925619769402227,0.1322130074676517,0.1855619335980638
chno,mace_polar_1_s,force,ts,3706,eV/angstrom,0.19469403207237967,0.1217891844532808,0.1684055318600135,0.23631126454197546
chno,mace_polar_1_s,force,F_forw,3706,eV/angstrom,0.15557211380984992,0.09392839763010853,0.13439036810048466,0.18726361737762845
chno,mace_polar_1_s,force,product,3706,eV/angstrom,0.06333076601480497,0.03650081057543113,0.0502727195717583,0.0722648093108446
chno,mace_polar_1_s,energy,F_rev,3706,kcal/mol,2.640054602381338,0.8111972198923221,1.8070319983182674,3.3790156632641724
chno,mace_polar_1_s,energy,ts,3706,kcal/mol,3.573201529586888,1.0426988056649749,2.462018387170952,4.677894528385284
chno,mace_polar_1_s,energy,F_forw,3706,kcal/mol,2.5663351872044764,0.7708401761717176,1.7625915905159586,3.3296323333679325
chno,mace_polar_1_s,energy,reaction_energy,3706,kcal/mol,1.7297173076241281,0.5226157667020221,1.17512273083259,2.281379904277415
chno,mace_polar_1_m,force,reactant,3706,eV/angstrom,0.024622709930138747,0.01403507343347295,0.017541417754476853,0.02348053516984805
chno,mace_polar_1_m,force,F_rev,3706,eV/angstrom,0.05480480157027573,0.030837322992052503,0.0429672778065118,0.05957185010926045
chno,mace_polar_1_m,force,ts,3706,eV/angstrom,0.0791448273868665,0.04390482518396023,0.0611452865346856,0.08541715320118662
chno,mace_polar_1_m,force,F_forw,3706,eV/angstrom,0.05467907628502415,0.030787407245865376,0.04355892869554075,0.0609634199167023
chno,mace_polar_1_m,force,product,3706,eV/angstrom,0.023665669581853125,0.014043740475069049,0.0176164731194436,0.023696284131927474
chno,mace_polar_1_m,energy,F_rev,3706,kcal/mol,0.938149248789877,0.24575904253539033,0.6121592843405393,1.2428824653211268
chno,mace_polar_1_m,energy,ts,3706,kcal/mol,1.564981074254086,0.3684124841590695,0.9090045730222202,1.816431473598
chno,mace_polar_1_m,energy,F_forw,3706,kcal/mol,0.9222295955133424,0.2572115698599573,0.6119093192867124,1.30125856063525
chno,mace_polar_1_m,energy,reaction_energy,3706,kcal/mol,0.6099469956867684,0.17620234995819486,0.38960248901062633,0.697730079673207
chno,mace_polar_1_l,force,reactant,3706,eV/angstrom,0.018534647930991254,0.011122076543490325,0.0133845974531535,0.016441322636657926
chno,mace_polar_1_l,force,F_rev,3706,eV/angstrom,0.036185827106317,0.019735475336483475,0.0265764876694818,0.0366163791509124
chno,mace_polar_1_l,force,ts,3706,eV/angstrom,0.053117093257158486,0.027337577932580924,0.03641046997503735,0.05064569450650577
chno,mace_polar_1_l,force,F_forw,3706,eV/angstrom,0.034699854739439186,0.019778538077702426,0.0265176348237071,0.03628576645117513
chno,mace_polar_1_l,force,product,3706,eV/angstrom,0.017606896025755416,0.011038785123484225,0.0134377912595966,0.016761801158131574
chno,mace_polar_1_l,energy,F_rev,3706,kcal/mol,0.5388655507773135,0.14894974093371885,0.3417646729864505,0.6408428297835788
chno,mace_polar_1_l,energy,ts,3706,kcal/mol,1.0162980187318071,0.21855368624446941,0.48717749609224104,0.8906662435400324
chno,mace_polar_1_l,energy,F_forw,3706,kcal/mol,0.5046801217061155,0.14825704865468115,0.34707415446768464,0.6554270766724317
chno,mace_polar_1_l,energy,reaction_energy,3706,kcal/mol,0.5571272978845094,0.1646448434784653,0.35849523699669006,0.6419789739098987
chno,orbmol_v2,force,reactant,3706,eV/angstrom,0.02014694272638517,0.011683526425145425,0.01408682826567815,0.017922574329381952
chno,orbmol_v2,force,F_rev,3706,eV/angstrom,0.04352385859664271,0.02379053006261015,0.032208299495614004,0.045261190077927574
chno,orbmol_v2,force,ts,3706,eV/angstrom,0.06484478108819447,0.0348095802401787,0.04730847994507465,0.06379705869027175
chno,orbmol_v2,force,F_forw,3706,eV/angstrom,0.04175347789639834,0.023787863882923074,0.03195629427453005,0.0447418412551095
chno,orbmol_v2,force,product,3706,eV/angstrom,0.018993190547962824,0.01159856758832845,0.01417014426121575,0.018109026771877826
chno,orbmol_v2,energy,F_rev,3706,kcal/mol,0.6139890941317315,0.16190452688318574,0.35968581695773505,0.7413223858621503
chno,orbmol_v2,energy,ts,3706,kcal/mol,1.1641478685083826,0.24306682679787492,0.5483826582293193,1.0823835515911218
chno,orbmol_v2,energy,F_forw,3706,kcal/mol,0.5717174826183613,0.16189983702139787,0.3782866864484271,0.7278574687822839
chno,orbmol_v2,energy,reaction_energy,3706,kcal/mol,0.5335920237417283,0.14104579732919006,0.3122348255880424,0.6027362173106963
chno,uma_s_omol,force,reactant,3706,eV/angstrom,0.016556231114952857,0.009915831792405376,0.01183147129426935,0.01431386803034595
chno,uma_s_omol,force,F_rev,3706,eV/angstrom,0.029284725044954468,0.015396154082979,0.0198571276912689,0.02800424936665025
chno,uma_s_omol,force,ts,3706,eV/angstrom,0.04512211017505032,0.021864826285858525,0.029138079464113002,0.03903512641400943
chno,uma_s_omol,force,F_forw,3706,eV/angstrom,0.028446618884056703,0.01556514947209535,0.02014138676747955,0.0286014868003132
chno,uma_s_omol,force,product,3706,eV/angstrom,0.01560245825035168,0.00983174742984145,0.011796140101257499,0.014537164031443225
chno,uma_s_omol,energy,F_rev,3706,kcal/mol,0.41320745009287035,0.10425053118873505,0.23583344464863723,0.45983995932404337
chno,uma_s_omol,energy,ts,3706,kcal/mol,0.8903819740479917,0.14360831721920286,0.3396705630718979,0.6545910749651918
chno,uma_s_omol,energy,F_forw,3706,kcal/mol,0.3674634964310469,0.10423610223385346,0.23163678111987773,0.4564033301917391
chno,uma_s_omol,energy,reaction_energy,3706,kcal/mol,0.4713521468259155,0.1279871815274663,0.27584984343632823,0.5262820608469999
chno,uma_m_omol,force,reactant,3706,eV/angstrom,0.014880514122089045,0.009064682988086775,0.0107562873999266,0.012736614290607176
chno,uma_m_omol,force,F_rev,3706,eV/angstrom,0.02250582086018007,0.011688980679387626,0.0141279750310979,0.017626608286601474
chno,uma_m_omol,force,ts,3706,eV/angstrom,0.03360216024056249,0.015037008626214226,0.01850916526719895,0.023493507770216426
chno,uma_m_omol,force,F_forw,3706,eV/angstrom,0.02135366280227239,0.011781046423419875,0.01425257334358025,0.017991826958664
chno,uma_m_omol,force,product,3706,eV/angstrom,0.01392481458624722,0.008959899241644375,0.0107071454355447,0.0127014599397174
chno,uma_m_omol,energy,F_rev,3706,kcal/mol,0.3565084674384542,0.08097703219527494,0.18926867611254355,0.37784772696647595
chno,uma_m_omol,energy,ts,3706,kcal/mol,0.7681779900472078,0.11838085508005355,0.2580002111769451,0.45201677660578493
chno,uma_m_omol,energy,F_forw,3706,kcal/mol,0.3123363759069609,0.08000575318706483,0.1903629037477351,0.3694337176162634
chno,uma_m_omol,energy,reaction_energy,3706,kcal/mol,0.4556026192943404,0.11479034517913914,0.26338358387046235,0.512688714506034
chno,uma_s_omc,force,reactant,3706,eV/angstrom,0.45332321887076166,0.3409381180963879,0.44401050117083307,0.543023920513805
chno,uma_s_omc,force,F_rev,3706,eV/angstrom,0.5413657364640275,0.3955451660346619,0.5102061649026639,0.6497424455359082
chno,uma_s_omc,force,ts,3706,eV/angstrom,0.5442041652495095,0.3896186789870999,0.5113596576093633,0.6682209051479642
chno,uma_s_omc,force,F_forw,3706,eV/angstrom,0.5420660466968414,0.39177349884074064,0.510027592158089,0.6545358284910442
chno,uma_s_omc,force,product,3706,eV/angstrom,0.4531408067574959,0.33785031441586433,0.437825203002014,0.5442504827991067
chno,uma_s_omc,energy,F_rev,3706,kcal/mol,9.937326485287565,5.5823189736527095,8.371466640593273,12.678258404679367
chno,uma_s_omc,energy,ts,3706,kcal/mol,16.22345136683718,11.118456880226006,15.000914909468733,20.30076300315421
chno,uma_s_omc,energy,F_forw,3706,kcal/mol,10.192310272162,5.77598481104908,8.534595389253983,13.44084837769067
chno,uma_s_omc,energy,reaction_energy,3706,kcal/mol,3.189932850942169,0.8714922497504265,2.0051855756911676,4.084198160998017
chno,uma_m_omc,force,reactant,3706,eV/angstrom,0.4443769316343852,0.3374780411842375,0.43422552369781603,0.5307023998190165
chno,uma_m_omc,force,F_rev,3706,eV/angstrom,0.472521416859754,0.35831408573833756,0.45147545254333776,0.5635084799476211
chno,uma_m_omc,force,ts,3706,eV/angstrom,0.46690748511041885,0.3371975688787155,0.44030331567938474,0.5675928684135367
chno,uma_m_omc,force,F_forw,3706,eV/angstrom,0.4719173661048794,0.35252974993260944,0.45036535723000193,0.5664485066765763
chno,uma_m_omc,force,product,3706,eV/angstrom,0.4437566987834874,0.3350623458231743,0.4304429142334032,0.5296648831074817
chno,uma_m_omc,energy,F_rev,3706,kcal/mol,7.187309897894419,4.494281447638797,6.345989308261128,9.114932340514901
chno,uma_m_omc,energy,ts,3706,kcal/mol,12.533544719632458,9.305477103985826,12.020717906875806,14.75105083461822
chno,uma_m_omc,energy,F_forw,3706,kcal/mol,7.2810261796779105,4.7672071070106075,6.542975261843777,9.205281862337733
chno,uma_m_omc,energy,reaction_energy,3706,kcal/mol,2.975636843047603,0.9604702140845971,2.117021698929954,3.974520424553517
chno,aimnet2_wb97m_d3,force,reactant,3706,eV/angstrom,0.10198953948751371,0.08241871480831618,0.09562437734902876,0.11244326464910427
chno,aimnet2_wb97m_d3,force,F_rev,3706,eV/angstrom,0.1947161912614945,0.1460548006424637,0.17812874359945996,0.2256866907370893
chno,aimnet2_wb97m_d3,force,ts,3706,eV/angstrom,0.2666244471953902,0.19230616069356718,0.24222463263878424,0.3079340430147609
chno,aimnet2_wb97m_d3,force,F_forw,3706,eV/angstrom,0.19336606032704745,0.1443039969805625,0.17456080195470236,0.22412780824336487
chno,aimnet2_wb97m_d3,force,product,3706,eV/angstrom,0.10170223448512755,0.08079473563217893,0.09487313148588761,0.11331427844507178
chno,aimnet2_wb97m_d3,energy,F_rev,3706,kcal/mol,2.9350604400571,1.1348823218822628,2.413780647904077,4.1280371714990505
chno,aimnet2_wb97m_d3,energy,ts,3706,kcal/mol,5.277135403058001,2.0309118926084415,4.09300531722781,7.227745684516129
chno,aimnet2_wb97m_d3,energy,F_forw,3706,kcal/mol,2.8572211328170316,1.0600910264134902,2.3378701174787673,4.038623968938655
chno,aimnet2_wb97m_d3,energy,reaction_energy,3706,kcal/mol,1.5259406121160455,0.5293860800679673,1.1427236896688955,2.158525372000347
chno,nep89_20250409,force,reactant,3706,eV/angstrom,0.43220537323472275,0.32511210320601813,0.413488361043267,0.5089783656247137
chno,nep89_20250409,force,F_rev,3706,eV/angstrom,0.6219354492848064,0.482883093894252,0.605761414680861,0.728690745448047
chno,nep89_20250409,force,ts,3706,eV/angstrom,0.6418973984022752,0.5147335479050753,0.6210254681178806,0.7461292152574367
chno,nep89_20250409,force,F_forw,3706,eV/angstrom,0.6307924304328065,0.4877595242785282,0.6048339268590892,0.7440818692257964
chno,nep89_20250409,force,product,3706,eV/angstrom,0.42731730873480306,0.31896628491348694,0.40766237597172195,0.5086853438022501
chno,nep89_20250409,energy,F_rev,3706,kcal/mol,11.952739529988033,4.57864320867447,9.410476747974062,17.237638549051066
chno,nep89_20250409,energy,ts,3706,kcal/mol,18.73811951855864,6.776224552387916,15.504030305169747,27.59062515545632
chno,nep89_20250409,energy,F_forw,3706,kcal/mol,12.063879159039153,4.377267233452178,9.513093430588974,16.945997714351673
chno,nep89_20250409,energy,reaction_energy,3706,kcal/mol,13.319606677157875,4.680790404757425,10.740850698859006,20.140996434645693
chno,sevennet_omni_i12_omol25_low,force,reactant,3706,eV/angstrom,0.030191694778465342,0.01690846275852425,0.02217967367933265,0.03212299689781323
chno,sevennet_omni_i12_omol25_low,force,F_rev,3706,eV/angstrom,0.06659211247979509,0.0402215523181818,0.05587503471191065,0.07615574730356378
chno,sevennet_omni_i12_omol25_low,force,ts,3706,eV/angstrom,0.09182990054740355,0.05488986564863048,0.07423049318112905,0.1002098083387324
chno,sevennet_omni_i12_omol25_low,force,F_forw,3706,eV/angstrom,0.06617252400989417,0.04045532122348992,0.05558197476603795,0.07697741413708128
chno,sevennet_omni_i12_omol25_low,force,product,3706,eV/angstrom,0.029041225377877053,0.016859002949329852,0.0220262961423766,0.03155655132132373
chno,sevennet_omni_i12_omol25_low,energy,F_rev,3706,kcal/mol,1.104812027685213,0.29914267309923603,0.7100277377644624,1.389827068571889
chno,sevennet_omni_i12_omol25_low,energy,ts,3706,kcal/mol,1.9534816280987408,0.47910651758270945,1.0960486478499005,2.3463064130764226
chno,sevennet_omni_i12_omol25_low,energy,F_forw,3706,kcal/mol,1.0846033809215403,0.2942447305948338,0.699595761421149,1.4456844308466257
chno,sevennet_omni_i12_omol25_low,energy,reaction_energy,3706,kcal/mol,0.7026973594552086,0.20032320322346367,0.4398636341046459,0.8147836004677685
chno,sevennet_omni_i12_spice,force,reactant,3706,eV/angstrom,0.06123640140704515,0.049152391232396675,0.05602251980529985,0.06446414526528953
chno,sevennet_omni_i12_spice,force,F_rev,3706,eV/angstrom,0.08637228310525664,0.06438710365397346,0.07659794886420196,0.09403995936617837
chno,sevennet_omni_i12_spice,force,ts,3706,eV/angstrom,0.10781940357684364,0.07334776572899335,0.0911654683963388,0.11514522405664365
chno,sevennet_omni_i12_spice,force,F_forw,3706,eV/angstrom,0.0856992900272147,0.06439828990657376,0.0764077584504663,0.0951838903993792
chno,sevennet_omni_i12_spice,force,product,3706,eV/angstrom,0.060078064178849276,0.048688486371347726,0.055355666938532805,0.06417662682424143
chno,sevennet_omni_i12_spice,energy,F_rev,3706,kcal/mol,1.8387826052521543,0.5533904554390716,1.33523772325176,2.7775679889800524
chno,sevennet_omni_i12_spice,energy,ts,3706,kcal/mol,2.6552205712001395,0.8911117823395875,1.7945373715164363,3.4728261211219813
chno,sevennet_omni_i12_spice,energy,F_forw,3706,kcal/mol,1.8021170204225134,0.5198115204948496,1.4011467056462958,2.73119644303493
chno,sevennet_omni_i12_spice,energy,reaction_energy,3706,kcal/mol,2.0217989231315276,0.8120273160014708,1.8671511737905022,2.920425753341952
chno,ani1xnr,force,reactant,3706,eV/angstrom,0.5823897899719307,0.4669751016636474,0.5658085972620299,0.6741189670485568
chno,ani1xnr,force,F_rev,3706,eV/angstrom,0.6706524262761746,0.5424113211014417,0.6477625315754162,0.7683169872902804
chno,ani1xnr,force,ts,3706,eV/angstrom,0.7050460059643241,0.5638743272976379,0.6776273119428916,0.809185174550303
chno,ani1xnr,force,F_forw,3706,eV/angstrom,0.6753202037979841,0.5458827240773202,0.6469966400544032,0.7777956618299192
chno,ani1xnr,force,product,3706,eV/angstrom,0.5765185780663207,0.45925911696414884,0.5592964895289785,0.6659296518896485
chno,ani1xnr,energy,F_rev,3706,kcal/mol,13.02534691868297,5.0047713986039835,11.219232924824269,18.579404669111945
chno,ani1xnr,energy,ts,3706,kcal/mol,18.135127497348666,7.019637344232551,14.036903233984207,25.320970334506995
chno,ani1xnr,energy,F_forw,3706,kcal/mol,13.17622405074772,4.81146421386792,11.165093696649668,18.76259551849295
chno,ani1xnr,energy,reaction_energy,3706,kcal/mol,17.25126949946746,7.166950550995111,14.858867755867365,26.170793387128597
chno,aimnet2_rxn,force,reactant,3706,eV/angstrom,0.09019078121855624,0.07030643395763408,0.0825865434821421,0.0992919545334745
chno,aimnet2_rxn,force,F_rev,3706,eV/angstrom,0.1453260462955641,0.10779118403961778,0.1340185998096879,0.16577510998608164
chno,aimnet2_rxn,force,ts,3706,eV/angstrom,0.1627466574169124,0.1194888356793648,0.14940584994120182,0.18747720453833988
chno,aimnet2_rxn,force,F_forw,3706,eV/angstrom,0.14538134479219472,0.10901347813400612,0.1319151239582845,0.16386827168651352
chno,aimnet2_rxn,force,product,3706,eV/angstrom,0.08969876925533833,0.0691250841075815,0.0814433233646055,0.09886046350785975
chno,aimnet2_rxn,energy,F_rev,3706,kcal/mol,1.8397826858377921,0.6450569758017148,1.3954979485255317,2.5750645496284306
chno,aimnet2_rxn,energy,ts,3706,kcal/mol,1.9964777340903024,0.7004992894450992,1.5093476159190584,2.7750766866284016
chno,aimnet2_rxn,energy,F_forw,3706,kcal/mol,1.8608955062480157,0.6270772305015299,1.408705871091391,2.6261660477171427
chno,aimnet2_rxn,energy,reaction_energy,3706,kcal/mol,1.4443440067882798,0.5199571098624728,1.1470351341984497,2.028038530391689
