model,n_configurations,model_calc_time_s,milliseconds_per_configuration
mace_mh1_omol,909077,3310.054210186009,3.641115340269317
mace_mh1_omat,909077,3305.1609172821054,3.635732635719642
mace_mh1_spice,909077,3308.6534278392955,3.639574456112404
mace_polar_1_s,909077,6510.336549282083,7.161479774850847
mace_polar_1_m,909077,11210.55589509009,12.331800161141564
mace_polar_1_l,909077,23179.76849222183,25.4981354629166
orbmol_v2,909077,876.8841273784625,0.9645872983019728
uma_s_omol,909077,6641.346138954159,7.30559252841526
uma_m_omol,909077,25865.713851213462,28.45272056295942
uma_s_omc,909077,6661.612610578539,7.327885988292014
uma_m_omc,909077,25855.48998260499,28.441474135419764
aimnet2_wb97m_d3,909077,88.57589983940082,0.0974349805785437
nep89_20250409,909077,527.9883272647505,0.580796046170732
sevennet_omni_i12_omol25_low,909077,2951.127460718162,3.2462898750250666
sevennet_omni_i12_spice,909077,2950.7086853980986,3.2458292151249
